imageID,binaryLabels
image_0.jpg,0
image_1.jpg,0
image_3.jpg,0
image_4.jpg,0
image_5.jpg,0
image_6.jpg,0
image_9.jpg,0
image_10.jpg,0
image_11.jpg,0
image_12.jpg,0
image_13.jpg,0
image_18.jpg,1
image_19.jpg,1
image_20.jpg,1
image_21.jpg,0
image_22.jpg,0
image_31.jpg,0
image_32.jpg,0
image_46.jpg,0
image_47.jpg,0
image_48.jpg,0
image_49.jpg,0
image_50.jpg,0
image_53.jpg,0
image_54.jpg,0
image_55.jpg,0
image_56.jpg,0
image_63.jpg,0
image_64.jpg,0
image_65.jpg,1
image_66.jpg,1
image_77.jpg,0
image_78.jpg,0
image_103.jpg,0
image_104.jpg,0
image_105.jpg,0
image_106.jpg,0
image_107.jpg,0
image_110.jpg,1
image_111.jpg,1
image_112.jpg,1
image_113.jpg,1
image_114.jpg,1
image_115.jpg,1
image_120.jpg,0
image_121.jpg,0
image_122.jpg,0
image_123.jpg,0
image_124.jpg,0
image_125.jpg,0
image_126.jpg,0
image_143.jpg,0
image_144.jpg,0
image_150.jpg,0
image_151.jpg,0
image_152.jpg,0
image_153.jpg,0
image_154.jpg,0
image_163.jpg,0
image_164.jpg,0
image_170.jpg,0
image_171.jpg,0
image_193.jpg,0
image_194.jpg,0
image_199.jpg,1
image_200.jpg,1
image_201.jpg,1
image_202.jpg,1
image_214.jpg,0
image_215.jpg,0
image_216.jpg,0
image_217.jpg,0
image_218.jpg,0
image_219.jpg,0
image_222.jpg,0
image_223.jpg,0
image_226.jpg,0
image_227.jpg,0
image_230.jpg,0
image_231.jpg,0
image_232.jpg,1
image_233.jpg,1
image_234.jpg,0
image_235.jpg,0
image_236.jpg,0
image_237.jpg,0
image_244.jpg,0
image_245.jpg,0
image_246.jpg,0
image_247.jpg,0
image_248.jpg,0
image_249.jpg,0
image_250.jpg,0
image_255.jpg,0
image_256.jpg,0
image_261.jpg,0
image_262.jpg,0
image_264.jpg,0
image_265.jpg,0
image_266.jpg,0
image_292.jpg,0
image_293.jpg,0
image_295.jpg,0
image_304.jpg,0
image_305.jpg,0
image_315.jpg,1
image_316.jpg,1
image_327.jpg,0
image_328.jpg,0
image_334.jpg,1
image_335.jpg,1
image_336.jpg,0
image_337.jpg,0
image_338.jpg,0
image_339.jpg,0
image_353.jpg,0
image_354.jpg,0
image_356.jpg,0
image_360.jpg,1
image_361.jpg,1
image_363.jpg,0
image_366.jpg,0
image_367.jpg,0
image_372.jpg,0
image_373.jpg,0
image_384.jpg,1
image_385.jpg,1
image_386.jpg,1
image_387.jpg,1
image_420.jpg,1
image_421.jpg,1
image_436.jpg,0
image_437.jpg,0
image_444.jpg,0
image_445.jpg,0
image_446.jpg,0
image_453.jpg,0
image_454.jpg,0
image_457.jpg,0
image_458.jpg,0
image_459.jpg,0
image_460.jpg,0
image_467.jpg,0
image_468.jpg,0
image_469.jpg,0
image_470.jpg,0
image_482.jpg,0
image_483.jpg,0
image_484.jpg,0
image_485.jpg,0
image_486.jpg,0
image_487.jpg,0
image_488.jpg,0
image_489.jpg,0
image_490.jpg,0
image_491.jpg,0
image_492.jpg,0
image_493.jpg,0
image_494.jpg,0
image_496.jpg,0
image_498.jpg,0
image_505.jpg,0
image_512.jpg,0
image_513.jpg,0
image_518.jpg,0
image_519.jpg,0
image_526.jpg,0
image_527.jpg,0
image_532.jpg,0
image_533.jpg,0
image_534.jpg,0
image_535.jpg,0
image_536.jpg,0
image_537.jpg,0
image_542.jpg,0
image_543.jpg,0
image_545.jpg,1
image_550.jpg,0
image_551.jpg,0
image_560.jpg,0
image_561.jpg,0
image_562.jpg,0
image_563.jpg,0
image_566.jpg,0
image_567.jpg,0
image_570.jpg,0
image_571.jpg,0
image_580.jpg,0
image_581.jpg,0
image_583.jpg,1
image_584.jpg,1
image_585.jpg,0
image_595.jpg,0
image_596.jpg,0
image_597.jpg,0
image_598.jpg,0
image_599.jpg,0
image_600.jpg,0
image_601.jpg,0
image_602.jpg,0
image_607.jpg,1
image_608.jpg,1
image_609.jpg,0
image_610.jpg,0
image_613.jpg,0
image_614.jpg,0
image_626.jpg,0
image_627.jpg,0
image_628.jpg,0
image_630.jpg,0
image_631.jpg,0
image_642.jpg,0
image_643.jpg,0
image_646.jpg,0
image_647.jpg,0
image_654.jpg,0
image_655.jpg,0
image_657.jpg,1
image_658.jpg,1
image_659.jpg,1
image_698.jpg,0
image_699.jpg,0
image_700.jpg,0
image_703.jpg,0
image_704.jpg,0
image_708.jpg,0
image_709.jpg,0
image_726.jpg,1
image_727.jpg,1
image_745.jpg,0
image_746.jpg,0
image_747.jpg,1
image_748.jpg,1
image_756.jpg,0
image_757.jpg,0
image_764.jpg,0
image_765.jpg,0
image_768.jpg,0
image_769.jpg,0
image_772.jpg,1
image_773.jpg,1
image_774.jpg,0
image_775.jpg,0
image_776.jpg,1
image_777.jpg,1
image_778.jpg,0
image_779.jpg,0
image_780.jpg,1
image_781.jpg,1
image_791.jpg,0
image_805.jpg,0
image_806.jpg,0
image_807.jpg,1
image_808.jpg,1
image_815.jpg,0
image_816.jpg,0
image_819.jpg,0
image_820.jpg,0
image_821.jpg,0
image_840.jpg,1
image_841.jpg,1
image_856.jpg,1
image_857.jpg,1
image_860.jpg,0
image_861.jpg,0
image_868.jpg,0
image_869.jpg,0
image_874.jpg,0
image_875.jpg,0
image_878.jpg,0
image_879.jpg,0
image_880.jpg,0
image_881.jpg,0
image_882.jpg,0
image_883.jpg,0
image_896.jpg,0
image_897.jpg,0
image_903.jpg,1
image_904.jpg,1
image_910.jpg,0
image_911.jpg,0
image_912.jpg,0
image_915.jpg,1
image_916.jpg,1
image_924.jpg,0
image_930.jpg,0
image_931.jpg,0
image_936.jpg,0
image_940.jpg,1
image_941.jpg,1
image_942.jpg,0
image_943.jpg,0
image_944.jpg,0
image_945.jpg,0
image_952.jpg,0
image_953.jpg,0
image_954.jpg,0
image_955.jpg,0
image_956.jpg,0
image_957.jpg,0
image_958.jpg,0
image_959.jpg,0
image_964.jpg,0
image_965.jpg,0
image_980.jpg,0
image_981.jpg,0
image_1000.jpg,1
image_1001.jpg,1
image_1002.jpg,1
image_1003.jpg,1
image_1004.jpg,1
image_1032.jpg,1
image_1033.jpg,1
image_1034.jpg,0
image_1035.jpg,0
image_1076.jpg,0
image_1077.jpg,0
image_1080.jpg,1
image_1081.jpg,1
image_1087.jpg,0
image_1088.jpg,0
image_1092.jpg,0
image_1093.jpg,0
image_1094.jpg,0
image_1095.jpg,0
image_1096.jpg,0
image_1112.jpg,1
image_1113.jpg,1
image_1136.jpg,0
image_1137.jpg,0
image_1138.jpg,0
image_1139.jpg,0
image_1140.jpg,0
image_1141.jpg,0
image_1142.jpg,0
image_1143.jpg,0
image_1144.jpg,0
image_1160.jpg,0
image_1161.jpg,0
image_1164.jpg,0
image_1165.jpg,0
image_1187.jpg,0
image_1188.jpg,0
image_1189.jpg,0
image_1190.jpg,0
image_1197.jpg,0
image_1198.jpg,0
image_1199.jpg,0
image_1201.jpg,1
image_1202.jpg,1
image_1203.jpg,0
image_1204.jpg,0
image_1213.jpg,0
image_1214.jpg,0
image_1215.jpg,0
image_1216.jpg,0
image_1217.jpg,0
image_1218.jpg,0
image_1225.jpg,0
image_1226.jpg,1
image_1227.jpg,1
image_1230.jpg,1
image_1231.jpg,1
image_1232.jpg,1
image_1233.jpg,1
image_1234.jpg,1
image_1238.jpg,0
image_1240.jpg,0
image_1241.jpg,0
image_1242.jpg,0
image_1243.jpg,0
image_1246.jpg,1
image_1247.jpg,1
image_1248.jpg,0
image_1250.jpg,0
image_1254.jpg,0
image_1255.jpg,0
image_1260.jpg,0
image_1261.jpg,0
image_1270.jpg,1
image_1271.jpg,1
image_1285.jpg,0
image_1303.jpg,0
image_1304.jpg,0
image_1317.jpg,1
image_1318.jpg,1
image_1319.jpg,1
image_1321.jpg,0
image_1322.jpg,0
image_1325.jpg,0
image_1326.jpg,0
image_1327.jpg,0
image_1328.jpg,0
image_1329.jpg,0
image_1330.jpg,0
image_1331.jpg,0
image_1332.jpg,0
image_1333.jpg,0
image_1334.jpg,1
image_1335.jpg,1
image_1336.jpg,1
image_1337.jpg,1
image_1338.jpg,1
image_1339.jpg,1
image_1344.jpg,0
image_1348.jpg,0
image_1349.jpg,0
image_1350.jpg,0
image_1351.jpg,0
image_1352.jpg,0
image_1355.jpg,1
image_1356.jpg,1
image_1359.jpg,0
image_1360.jpg,0
image_1361.jpg,0
image_1362.jpg,0
image_1366.jpg,0
image_1367.jpg,0
image_1368.jpg,0
image_1377.jpg,1
image_1378.jpg,1
image_1384.jpg,0
image_1386.jpg,0
image_1387.jpg,0
image_1388.jpg,0
image_1389.jpg,0
image_1391.jpg,0
image_1392.jpg,0
image_1401.jpg,0
image_1402.jpg,0
image_1403.jpg,0
image_1404.jpg,0
image_1413.jpg,0
image_1414.jpg,0
image_1415.jpg,0
image_1416.jpg,0
image_1421.jpg,1
image_1422.jpg,1
image_1426.jpg,0
image_1431.jpg,0
image_1432.jpg,0
image_1452.jpg,0
image_1453.jpg,0
image_1462.jpg,0
image_1463.jpg,0
image_1470.jpg,0
image_1471.jpg,0
image_1478.jpg,0
image_1479.jpg,0
image_1480.jpg,0
image_1481.jpg,0
image_1495.jpg,1
image_1496.jpg,1
image_1497.jpg,1
image_1498.jpg,1
image_1504.jpg,0
image_1507.jpg,0
image_1508.jpg,0
image_1515.jpg,1
image_1516.jpg,1
image_1519.jpg,0
image_1520.jpg,0
image_1521.jpg,1
image_1522.jpg,1
image_1524.jpg,1
image_1525.jpg,1
image_1526.jpg,1
image_1543.jpg,0
image_1544.jpg,0
image_1553.jpg,0
image_1554.jpg,0
image_1575.jpg,0
image_1576.jpg,0
image_1579.jpg,1
image_1580.jpg,1
image_1589.jpg,0
image_1590.jpg,0
image_1591.jpg,1
image_1592.jpg,1
image_1594.jpg,1
image_1595.jpg,1
image_1598.jpg,0
image_1599.jpg,0
image_1607.jpg,1
image_1608.jpg,1
image_1609.jpg,1
image_1610.jpg,1
image_1616.jpg,0
image_1623.jpg,0
image_1624.jpg,0
image_1625.jpg,0
image_1626.jpg,0
image_1644.jpg,0
image_1645.jpg,0
image_1652.jpg,0
image_1653.jpg,0
image_1686.jpg,0
image_1687.jpg,0
image_1691.jpg,0
image_1692.jpg,0
image_1693.jpg,0
image_1694.jpg,0
image_1695.jpg,0
image_1696.jpg,0
image_1697.jpg,1
image_1698.jpg,1
image_1699.jpg,1
image_1700.jpg,1
image_1701.jpg,1
image_1702.jpg,1
image_1703.jpg,0
image_1704.jpg,0
image_1710.jpg,1
image_1711.jpg,1
image_1712.jpg,1
image_1713.jpg,1
image_1714.jpg,1
image_1715.jpg,1
image_1716.jpg,0
image_1717.jpg,0
image_1722.jpg,0
image_1723.jpg,0
image_1724.jpg,0
image_1742.jpg,1
image_1745.jpg,0
image_1746.jpg,0
image_1747.jpg,1
image_1748.jpg,1
image_1759.jpg,0
image_1760.jpg,0
image_1765.jpg,0
image_1766.jpg,0
image_1767.jpg,0
image_1768.jpg,0
image_1786.jpg,1
image_1787.jpg,1
image_1788.jpg,1
image_1789.jpg,0
image_1790.jpg,0
image_1791.jpg,0
image_1796.jpg,1
image_1797.jpg,1
image_1798.jpg,1
image_1799.jpg,1
image_1824.jpg,0
image_1825.jpg,0
image_1842.jpg,0
image_1843.jpg,0
image_1844.jpg,0
image_1845.jpg,0
image_1847.jpg,0
image_1860.jpg,1
image_1861.jpg,1
image_1862.jpg,1
image_1865.jpg,0
image_1866.jpg,0
image_1874.jpg,1
image_1875.jpg,1
image_1876.jpg,1
image_1877.jpg,1
image_1892.jpg,1
image_1893.jpg,1
image_1894.jpg,1
image_1895.jpg,1
image_1896.jpg,1
image_1897.jpg,1
image_1898.jpg,1
image_1899.jpg,1
image_1901.jpg,1
image_1902.jpg,1
image_1903.jpg,0
image_1904.jpg,0
image_1912.jpg,0
image_1913.jpg,0
image_1914.jpg,0
image_1915.jpg,0
image_1916.jpg,0
image_1917.jpg,0
image_1922.jpg,0
image_1923.jpg,0
image_1924.jpg,0
image_1925.jpg,0
image_1926.jpg,0
image_1927.jpg,0
image_1931.jpg,1
image_1932.jpg,1
image_1933.jpg,1
image_1934.jpg,1
image_1935.jpg,1
image_1938.jpg,0
image_1939.jpg,0
image_1940.jpg,0
image_1941.jpg,0
image_1956.jpg,1
image_1957.jpg,1
image_1958.jpg,0
image_1959.jpg,0
image_1960.jpg,0
image_1961.jpg,0
image_1977.jpg,0
image_1978.jpg,0
image_1981.jpg,0
image_1982.jpg,0
image_1999.jpg,1
image_2000.jpg,1
image_2001.jpg,1
image_2002.jpg,1
image_2019.jpg,1
image_2020.jpg,1
image_2022.jpg,0
image_2028.jpg,0
image_2030.jpg,0
image_2031.jpg,0
image_2032.jpg,1
image_2033.jpg,1
image_2034.jpg,1
image_2035.jpg,1
image_2036.jpg,1
image_2037.jpg,1
image_2039.jpg,0
image_2041.jpg,1
image_2042.jpg,1
image_2045.jpg,0
image_2046.jpg,0
image_2047.jpg,1
image_2048.jpg,1
image_2049.jpg,1
image_2050.jpg,1
image_2064.jpg,0
image_2065.jpg,0
image_2078.jpg,0
image_2084.jpg,0
image_2085.jpg,0
image_2097.jpg,0
image_2101.jpg,0
image_2102.jpg,0
image_2110.jpg,0
image_2111.jpg,0
image_2116.jpg,0
image_2117.jpg,0
image_2124.jpg,0
image_2125.jpg,0
image_2139.jpg,0
image_2140.jpg,1
image_2141.jpg,1
image_2142.jpg,1
image_2143.jpg,1
image_2144.jpg,1
image_2146.jpg,1
image_2147.jpg,1
image_2148.jpg,1
image_2149.jpg,1
image_2151.jpg,0
image_2152.jpg,0
image_2154.jpg,0
image_2155.jpg,0
image_2156.jpg,0
image_2162.jpg,0
image_2163.jpg,0
image_2164.jpg,0
image_2170.jpg,0
image_2171.jpg,0
image_2172.jpg,0
image_2173.jpg,0
image_2188.jpg,0
image_2189.jpg,0
image_2199.jpg,0
image_2200.jpg,0
image_2201.jpg,1
image_2202.jpg,1
image_2209.jpg,0
image_2210.jpg,0
image_2211.jpg,0
image_2212.jpg,0
image_2215.jpg,0
image_2216.jpg,0
image_2217.jpg,0
image_2218.jpg,0
image_2219.jpg,0
image_2220.jpg,0
image_2223.jpg,0
image_2225.jpg,0
image_2226.jpg,0
image_2229.jpg,1
image_2230.jpg,1
image_2231.jpg,1
image_2232.jpg,1
image_2234.jpg,0
image_2244.jpg,0
image_2245.jpg,0
image_2246.jpg,0
image_2247.jpg,0
image_2248.jpg,0
image_2249.jpg,0
image_2276.jpg,1
image_2277.jpg,1
image_2278.jpg,0
image_2279.jpg,0
image_2289.jpg,0
image_2290.jpg,0
image_2291.jpg,0
image_2292.jpg,0
image_2299.jpg,0
image_2300.jpg,0
image_2303.jpg,0
image_2304.jpg,0
image_2307.jpg,1
image_2308.jpg,1
image_2309.jpg,0
image_2310.jpg,0
image_2313.jpg,1
image_2314.jpg,1
image_2315.jpg,0
image_2316.jpg,0
image_2319.jpg,0
image_2320.jpg,0
image_2321.jpg,1
image_2322.jpg,1
image_2326.jpg,0
image_2327.jpg,0
image_2345.jpg,1
image_2346.jpg,1
image_2354.jpg,0
image_2355.jpg,0
image_2359.jpg,0
image_2360.jpg,0
image_2361.jpg,0
image_2362.jpg,0
image_2363.jpg,0
image_2364.jpg,0
image_2365.jpg,0
image_2366.jpg,0
image_2367.jpg,1
image_2368.jpg,1
image_2375.jpg,0
image_2376.jpg,0
image_2402.jpg,1
image_2403.jpg,1
image_2404.jpg,1
image_2407.jpg,0
image_2408.jpg,0
image_2411.jpg,1
image_2412.jpg,1
image_2413.jpg,0
image_2414.jpg,0
image_2417.jpg,0
image_2418.jpg,0
image_2421.jpg,0
image_2423.jpg,0
image_2424.jpg,0
image_2425.jpg,0
image_2426.jpg,1
image_2430.jpg,0
image_2431.jpg,0
image_2434.jpg,0
image_2435.jpg,0
image_2436.jpg,0
image_2437.jpg,0
image_2455.jpg,1
image_2456.jpg,1
image_2457.jpg,1
image_2458.jpg,1
image_2459.jpg,1
image_2470.jpg,1
image_2471.jpg,1
image_2473.jpg,1
image_2474.jpg,0
image_2475.jpg,0
image_2482.jpg,0
image_2483.jpg,0
image_2503.jpg,0
image_2504.jpg,0
image_2505.jpg,1
image_2507.jpg,0
image_2512.jpg,1
image_2513.jpg,0
image_2514.jpg,0
image_2515.jpg,0
image_2516.jpg,0
image_2523.jpg,0
image_2524.jpg,0
image_2525.jpg,0
image_2526.jpg,0
image_2527.jpg,0
image_2528.jpg,0
image_2529.jpg,1
image_2530.jpg,1
image_2531.jpg,1
image_2532.jpg,1
image_2533.jpg,1
image_2534.jpg,1
image_2550.jpg,0
image_2551.jpg,0
image_2552.jpg,0
image_2553.jpg,0
image_2554.jpg,0
image_2555.jpg,0
image_2558.jpg,0
image_2559.jpg,0
image_2562.jpg,1
image_2563.jpg,1
image_2564.jpg,1
image_2565.jpg,1
image_2566.jpg,1
image_2567.jpg,1
image_2569.jpg,0
image_2570.jpg,0
image_2571.jpg,0
image_2572.jpg,0
image_2573.jpg,0
image_2574.jpg,0
image_2575.jpg,0
image_2576.jpg,0
image_2577.jpg,0
image_2578.jpg,0
image_2579.jpg,0
image_2588.jpg,0
image_2589.jpg,0
image_2602.jpg,1
image_2605.jpg,1
image_2606.jpg,1
image_2607.jpg,0
image_2608.jpg,0
image_2611.jpg,0
image_2612.jpg,0
image_2622.jpg,0
image_2623.jpg,0
image_2651.jpg,0
image_2652.jpg,0
image_2654.jpg,0
image_2655.jpg,1
image_2656.jpg,1
image_2658.jpg,1
image_2661.jpg,1
image_2662.jpg,1
image_2668.jpg,0
image_2669.jpg,0
image_2676.jpg,0
image_2677.jpg,0
image_2685.jpg,0
image_2686.jpg,0
image_2687.jpg,0
image_2688.jpg,0
image_2689.jpg,0
image_2690.jpg,0
image_2691.jpg,0
image_2692.jpg,0
image_2693.jpg,0
image_2694.jpg,0
image_2695.jpg,0
image_2698.jpg,0
image_2699.jpg,0
image_2700.jpg,0
image_2701.jpg,0
image_2702.jpg,0
image_2703.jpg,0
image_2707.jpg,0
image_2708.jpg,0
image_2709.jpg,0
image_2710.jpg,0
image_2711.jpg,0
image_2712.jpg,0
image_2713.jpg,0
image_2714.jpg,0
image_2728.jpg,0
image_2729.jpg,0
image_2730.jpg,1
image_2731.jpg,1
image_2732.jpg,1
image_2733.jpg,1
image_2734.jpg,1
image_2735.jpg,1
image_2736.jpg,0
image_2737.jpg,0
image_2738.jpg,1
image_2739.jpg,1
image_2765.jpg,0
image_2766.jpg,0
image_2767.jpg,0
image_2768.jpg,0
image_2781.jpg,1
image_2782.jpg,1
image_2783.jpg,1
image_2784.jpg,1
image_2785.jpg,0
image_2786.jpg,0
image_2787.jpg,0
image_2788.jpg,0
image_2795.jpg,0
image_2796.jpg,0
image_2805.jpg,0
image_2806.jpg,0
image_2807.jpg,0
image_2808.jpg,0
image_2809.jpg,1
image_2810.jpg,1
image_2823.jpg,0
image_2824.jpg,0
image_2825.jpg,0
image_2826.jpg,0
image_2827.jpg,0
image_2828.jpg,0
image_2839.jpg,0
image_2840.jpg,0
image_2856.jpg,0
image_2857.jpg,0
image_2860.jpg,1
image_2861.jpg,1
image_2880.jpg,0
image_2881.jpg,0
image_2885.jpg,0
image_2886.jpg,0
image_2887.jpg,0
image_2888.jpg,0
image_2891.jpg,0
image_2892.jpg,0
image_2897.jpg,0
image_2898.jpg,0
image_2899.jpg,0
image_2900.jpg,0
image_2901.jpg,0
image_2902.jpg,0
image_2906.jpg,0
image_2912.jpg,0
image_2913.jpg,0
image_2914.jpg,0
image_2915.jpg,0
image_2916.jpg,0
image_2917.jpg,0
image_2935.jpg,0
image_2936.jpg,0
image_2941.jpg,0
image_2942.jpg,0
image_2945.jpg,0
image_2946.jpg,0
image_2947.jpg,0
image_2949.jpg,0
image_2950.jpg,0
image_2956.jpg,0
image_2957.jpg,0
image_2970.jpg,0
image_2971.jpg,0
image_2972.jpg,1
image_2973.jpg,1
image_2974.jpg,0
image_2975.jpg,0
image_2980.jpg,0
image_2981.jpg,0
image_2984.jpg,0
image_2985.jpg,0
image_2991.jpg,0
image_2992.jpg,0
image_2998.jpg,0
image_2999.jpg,0
image_3000.jpg,0
image_3017.jpg,0
image_3018.jpg,0
image_3019.jpg,0
image_3020.jpg,0
image_3021.jpg,0
image_3022.jpg,0
image_3023.jpg,1
image_3024.jpg,1
image_3025.jpg,1
image_3026.jpg,1
image_3029.jpg,0
image_3038.jpg,1
image_3039.jpg,1
image_3040.jpg,0
image_3041.jpg,0
image_3044.jpg,0
image_3045.jpg,0
image_3058.jpg,0
image_3059.jpg,0
image_3064.jpg,1
image_3065.jpg,1
image_3066.jpg,1
image_3067.jpg,1
image_3076.jpg,0
image_3080.jpg,1
image_3081.jpg,1
image_3082.jpg,0
image_3084.jpg,1
image_3085.jpg,1
image_3090.jpg,1
image_3091.jpg,1
image_3116.jpg,0
image_3117.jpg,0
image_3120.jpg,0
image_3121.jpg,0
image_3122.jpg,1
image_3123.jpg,1
image_3124.jpg,0
image_3129.jpg,0
image_3130.jpg,0
image_3131.jpg,0
image_3132.jpg,0
image_3137.jpg,0
image_3138.jpg,0
image_3143.jpg,1
image_3144.jpg,1
image_3159.jpg,0
image_3160.jpg,0
image_3163.jpg,1
image_3164.jpg,1
image_3165.jpg,1
image_3166.jpg,1
image_3167.jpg,1
image_3168.jpg,1
image_3169.jpg,0
image_3170.jpg,0
image_3182.jpg,1
image_3183.jpg,1
image_3184.jpg,1
image_3185.jpg,1
image_3198.jpg,0
image_3199.jpg,0
image_3201.jpg,1
image_3202.jpg,1
image_2568.jpg,0
